{"cameraMode":{"drawMode":0,"name":"Shaded","section":"Shading Mode"},"sceneLighting":false,"audioPlay":false,"sceneViewState":{"m_AlwaysRefresh":false,"showFog":true,"showSkybox":false,"showFlares":true,"showImageEffects":true,"showParticleSystems":true,"showVisualEffectGraphs":true,"m_FxEnabled":true},"in2DMode":false,"pivot":{"x":-1.1999999284744263,"y":0.5999999642372131,"z":-0.5999999642372131},"rotation":{"x":0.6920785307884216,"y":0.006493108347058296,"z":-0.006232290528714657,"w":0.7217745184898377},"size":1.4696937799453736,"orthographic":false}